Full Name,Gender,Email,Phone,Country
Musab Hægeland,male,musab.haegeland@example.com,61760529,Norway
Salvador Young,male,salvador.young@example.com,017683 91638,United Kingdom
Elli Maunu,female,elli.maunu@example.com,04-374-128,Finland
Angelica Hubert,female,angelica.hubert@example.com,076 941 83 73,Switzerland
Taylor Garrett,female,taylor.garrett@example.com,06-2505-3269,Australia
Reginald Murray,male,reginald.murray@example.com,04-1888-8884,Australia
Klaus Dieter Käfer,male,klausdieter.kafer@example.com,0632-4426038,Germany
William Larsen,male,william.larsen@example.com,28085016,Denmark
شایان سهيلي راد,male,shyn.shylyrd@example.com,051-63264467,Iran
Paul Weeda,male,paul.weeda@example.com,(022) 0770114,Netherlands
